slice,support,prediction_exact_match_rate,metric_equivalent_rate,g0_focus_deleted_rate,h1_focus_deleted_rate,g0_candidate_deletes_focus_rate,h1_candidate_deletes_focus_rate,g0_vacuous_satisfaction_improvement_rate,h1_vacuous_satisfaction_improvement_rate,g0_non_vacuous_primary_fix_rate,h1_non_vacuous_primary_fix_rate
conflictWith,15093,0.0,1.0,0.06022659511031604,0.06022659511031604,1.0,1.0,0.059696548068641095,0.059696548068641095,0.0,0.0
distinct,34232,0.0,1.0,0.9940114512736621,0.9940114512736621,1.0,1.0,0.9475052582379061,0.9475052582379061,0.0,0.0
inverse,15001,0.0,1.0,0.2493833744417039,0.2493833744417039,1.0,1.0,0.20051996533564428,0.20051996533564428,0.0,0.0
itemRequiresStatement,15001,0.01959869342043864,1.0,0.31664555696286917,0.31664555696286917,1.0,1.0,0.18658756082927805,0.18658756082927805,0.0,0.0
oneOf,1028,0.0,1.0,0.7587548638132295,0.7587548638132295,1.0,1.0,0.7519455252918288,0.7519455252918288,0.0,0.0
single,17958,0.0,1.0,0.01993540483350039,0.01993540483350039,1.0,1.0,0.018766009577904,0.018766009577904,0.0,0.0
type,15001,0.11672555162989134,1.0,0.42250516632224516,0.42250516632224516,1.0,1.0,0.23065128991400574,0.23065128991400574,0.0,0.0
valueRequiresStatement,15003,0.0,1.0,0.8317003266013464,0.8317003266013464,1.0,1.0,0.7385856162100913,0.7385856162100913,0.0,0.0
valueType,14999,0.044469631308753914,1.0,0.8545903060204013,0.8545903060204013,1.0,1.0,0.75511700780052,0.75511700780052,0.0,0.0
