index,constraint_id,constraint_type,density_bucket,prediction_exact_match,metric_equivalent,g0_slots,h1_slots,g0_primary_satisfied,h1_primary_satisfied,g0_gfr,h1_gfr,g0_srr,h1_srr,g0_sir,h1_sir,g0_disruption,h1_disruption,g0_focus_deleted,h1_focus_deleted,g0_candidate_deletes_focus,h1_candidate_deletes_focus,g0_vacuous_satisfaction_improvement,h1_vacuous_satisfaction_improvement,g0_non_vacuous_primary_fix,h1_non_vacuous_primary_fix
0,73156,conflictWith,65_plus,0,1,"[0, 0, 0, 74195, 74214, 74215]","[0, 0, 0, 98872, 29991, 98872]",1,1,1.0,1.0,0.0,0.0,0.0,0.0,1,1,0,0,1,1,0,0,0,0
1,63621,single,65_plus,0,1,"[0, 0, 0, 74195, 74214, 74215]","[0, 0, 0, 98872, 30131, 80244]",1,1,1.0,1.0,0.0,0.0,0.0,0.0,1,1,0,0,1,1,0,0,0,0
2,71311,type,65_plus,0,1,"[0, 0, 0, 74195, 74214, 74215]","[0, 0, 0, 98872, 31386, 31383]",1,1,1.0,1.0,0.0,0.0,0.0,0.0,1,1,1,1,1,1,0,0,0,0
3,53610,type,65_plus,0,1,"[0, 0, 0, 74195, 74214, 74215]","[0, 0, 0, 98872, 31152, 36173]",1,1,0.92,0.92,0.0,0.0,0.0,0.0,1,1,1,1,1,1,1,1,0,0
4,59405,distinct,65_plus,0,1,"[0, 0, 0, 74195, 74214, 74215]","[0, 0, 0, 90673, 33681, 75281]",1,1,1.0,1.0,0.0,0.0,1.0,1.0,1,1,1,1,1,1,1,1,0,0
5,64487,distinct,17_64,0,1,"[0, 0, 0, 74195, 74214, 74215]","[0, 0, 0, 98872, 36219, 89892]",1,1,0.45,0.45,0.0,0.0,0.0,0.0,1,1,1,1,1,1,1,1,0,0
6,51859,conflictWith,65_plus,0,1,"[0, 0, 0, 74195, 74214, 74215]","[0, 0, 0, 98872, 29963, 98872]",1,1,1.0,1.0,0.0,0.0,0.0,0.0,1,1,0,0,1,1,0,0,0,0
7,59405,distinct,65_plus,0,1,"[0, 0, 0, 74195, 74214, 74215]","[0, 0, 0, 90622, 33681, 75281]",1,1,1.0,1.0,0.0,0.0,1.0,1.0,1,1,1,1,1,1,1,1,0,0
8,60263,valueType,65_plus,0,1,"[0, 0, 0, 74195, 74214, 74215]","[0, 0, 0, 98872, 31559, 98872]",1,1,1.0,1.0,0.0,0.0,0.0,0.0,1,1,0,0,1,1,0,0,0,0
9,59405,distinct,65_plus,0,1,"[0, 0, 0, 74195, 74214, 74215]","[0, 0, 0, 91769, 33681, 75281]",1,1,1.0,1.0,0.0,0.0,1.0,1.0,1,1,1,1,1,1,1,1,0,0
10,52213,conflictWith,65_plus,0,1,"[0, 0, 0, 74195, 74214, 74215]","[0, 0, 0, 98872, 30638, 98872]",1,1,0.9333333333333333,0.9333333333333333,0.0,0.0,0.0,0.0,1,1,0,0,1,1,0,0,0,0
11,55339,single,17_64,0,1,"[0, 0, 0, 74195, 74214, 74215]","[0, 0, 0, 97413, 29787, 98872]",1,1,1.0,1.0,0.0,0.0,0.0,0.0,1,1,0,0,1,1,0,0,0,0
12,59405,distinct,65_plus,0,1,"[0, 0, 0, 74195, 74214, 74215]","[0, 0, 0, 90087, 33681, 75281]",1,1,1.0,1.0,0.0,0.0,1.0,1.0,1,1,1,1,1,1,1,1,0,0
13,64000,single,65_plus,0,1,"[0, 0, 0, 74195, 74214, 74215]","[0, 0, 0, 95002, 35867, 88406]",1,1,1.0,1.0,0.0,0.0,0.0,0.0,1,1,0,0,1,1,0,0,0,0
14,59405,distinct,65_plus,0,1,"[0, 0, 0, 74195, 74214, 74215]","[0, 0, 0, 93959, 33681, 33265]",1,1,1.0,1.0,0.0,0.0,1.0,1.0,1,1,1,1,1,1,1,1,0,0
15,64161,single,17_64,0,1,"[0, 0, 0, 74195, 74214, 74215]","[0, 0, 0, 97316, 30828, 98872]",1,1,1.0,1.0,0.0,0.0,0.0,0.0,1,1,0,0,1,1,0,0,0,0
16,60096,distinct,17_64,0,1,"[0, 0, 0, 74195, 74214, 74215]","[0, 0, 0, 92630, 30780, 89574]",1,1,0.7142857142857143,0.7142857142857143,0.0,0.0,0.2,0.2,1,1,1,1,1,1,1,1,0,0
17,67579,type,65_plus,0,1,"[0, 0, 0, 74195, 74214, 74215]","[0, 0, 0, 98872, 35227, 98872]",1,1,0.55,0.55,0.0,0.0,0.0,0.0,1,1,0,0,1,1,0,0,0,0
18,51866,itemRequiresStatement,5_16,0,1,"[0, 0, 0, 74195, 74214, 74215]","[0, 0, 0, 98872, 29963, 98872]",1,1,1.0,1.0,0.0,0.0,0.0,0.0,1,1,0,0,1,1,0,0,0,0
19,51759,type,65_plus,0,1,"[0, 0, 0, 74195, 74214, 74215]","[0, 0, 0, 98872, 30419, 76032]",1,1,0.9913793103448276,0.9913793103448276,0.0,0.0,0.0,0.0,1,1,1,1,1,1,1,1,0,0
20,59405,distinct,65_plus,0,1,"[0, 0, 0, 74195, 74214, 74215]","[0, 0, 0, 98872, 33681, 75281]",1,1,1.0,1.0,0.0,0.0,1.0,1.0,1,1,1,1,1,1,1,1,0,0
21,59405,distinct,65_plus,0,1,"[0, 0, 0, 74195, 74214, 74215]","[0, 0, 0, 91177, 33681, 75281]",1,1,1.0,1.0,0.0,0.0,1.0,1.0,1,1,1,1,1,1,1,1,0,0
22,51435,valueType,65_plus,0,1,"[0, 0, 0, 74195, 74214, 74215]","[0, 0, 0, 98872, 30111, 32159]",1,1,0.5428571428571428,0.5428571428571428,0.0,0.0,0.1111111111111111,0.1111111111111111,1,1,1,1,1,1,1,1,0,0
23,50387,inverse,65_plus,0,1,"[0, 0, 0, 74195, 74214, 74215]","[0, 0, 0, 98872, 29865, 98872]",1,1,0.6551724137931034,0.6551724137931034,0.0,0.0,0.0,0.0,1,1,0,0,1,1,0,0,0,0
24,65737,valueRequiresStatement,65_plus,0,1,"[0, 0, 0, 74195, 74214, 74215]","[0, 0, 0, 98872, 30512, 85884]",1,1,0.576271186440678,0.576271186440678,0.0,0.0,0.0,0.0,1,1,1,1,1,1,1,1,0,0
25,57267,distinct,65_plus,0,1,"[0, 0, 0, 74195, 74214, 74215]","[0, 0, 0, 98872, 32938, 90312]",1,1,1.0,1.0,0.0,0.0,0.0,0.0,1,1,1,1,1,1,0,0,0,0
26,62202,valueRequiresStatement,65_plus,0,1,"[0, 0, 0, 74195, 74214, 74215]","[0, 0, 0, 98872, 29766, 87234]",1,1,0.5903614457831325,0.5903614457831325,0.0,0.0,0.0,0.0,1,1,1,1,1,1,1,1,0,0
27,66339,valueRequiresStatement,65_plus,0,1,"[0, 0, 0, 74195, 74214, 74215]","[0, 0, 0, 98872, 29803, 35546]",1,1,1.0,1.0,0.0,0.0,0.0,0.0,1,1,1,1,1,1,0,0,0,0
28,51756,valueType,65_plus,0,1,"[0, 0, 0, 74195, 74214, 74215]","[0, 0, 0, 98872, 30419, 48698]",1,1,0.9191919191919192,0.9191919191919192,0.0,0.0,0.0,0.0,1,1,1,1,1,1,1,1,0,0
29,64223,itemRequiresStatement,65_plus,0,1,"[0, 0, 0, 74195, 74214, 74215]","[0, 0, 0, 98872, 36012, 98872]",1,1,1.0,1.0,0.0,0.0,0.0,0.0,1,1,0,0,1,1,0,0,0,0
30,65857,type,17_64,0,1,"[0, 0, 0, 74195, 74214, 74215]","[0, 0, 0, 98872, 36832, 98872]",1,1,1.0,1.0,0.0,0.0,0.0,0.0,1,1,0,0,1,1,0,0,0,0
31,57013,inverse,17_64,0,1,"[0, 0, 0, 74195, 74214, 74215]","[0, 0, 0, 98872, 32843, 98872]",1,1,1.0,1.0,0.0,0.0,0.0,0.0,1,1,0,0,1,1,0,0,0,0
32,59405,distinct,65_plus,0,1,"[0, 0, 0, 74195, 74214, 74215]","[0, 0, 0, 90798, 33681, 75281]",1,1,1.0,1.0,0.0,0.0,1.0,1.0,1,1,1,1,1,1,1,1,0,0
33,56980,oneOf,65_plus,0,1,"[0, 0, 0, 74195, 74214, 74215]","[0, 0, 0, 98872, 32833, 94123]",1,1,0.42105263157894735,0.42105263157894735,0.0,0.0,0.0,0.0,1,1,1,1,1,1,1,1,0,0
34,56396,itemRequiresStatement,17_64,0,1,"[0, 0, 0, 74195, 74214, 74215]","[0, 0, 0, 98872, 32616, 98872]",1,1,1.0,1.0,0.0,0.0,0.0,0.0,1,1,0,0,1,1,0,0,0,0
35,59405,distinct,65_plus,0,1,"[0, 0, 0, 74195, 74214, 74215]","[0, 0, 0, 91147, 33681, 75281]",1,1,1.0,1.0,0.0,0.0,1.0,1.0,1,1,1,1,1,1,1,1,0,0
36,59405,distinct,65_plus,0,1,"[0, 0, 0, 74195, 74214, 74215]","[0, 0, 0, 90087, 33681, 75281]",1,1,1.0,1.0,0.0,0.0,1.0,1.0,1,1,1,1,1,1,1,1,0,0
37,59405,distinct,65_plus,0,1,"[0, 0, 0, 74195, 74214, 74215]","[0, 0, 0, 90233, 33681, 75281]",1,1,1.0,1.0,0.0,0.0,1.0,1.0,1,1,1,1,1,1,1,1,0,0
38,59405,distinct,65_plus,0,1,"[0, 0, 0, 74195, 74214, 74215]","[0, 0, 0, 90819, 33681, 33265]",1,1,1.0,1.0,0.0,0.0,1.0,1.0,1,1,1,1,1,1,1,1,0,0
39,59405,distinct,65_plus,0,1,"[0, 0, 0, 74195, 74214, 74215]","[0, 0, 0, 91476, 33681, 75281]",1,1,1.0,1.0,0.0,0.0,1.0,1.0,1,1,1,1,1,1,1,1,0,0
40,51690,itemRequiresStatement,17_64,0,1,"[0, 0, 0, 74195, 74214, 74215]","[0, 0, 0, 98872, 30397, 98872]",1,1,1.0,1.0,0.0,0.0,0.0,0.0,1,1,0,0,1,1,0,0,0,0
41,73199,itemRequiresStatement,17_64,0,1,"[0, 0, 0, 74195, 74214, 74215]","[0, 0, 0, 98872, 45349, 98872]",1,1,1.0,1.0,0.0,0.0,0.0,0.0,1,1,0,0,1,1,0,0,0,0
42,56490,valueRequiresStatement,17_64,0,1,"[0, 0, 0, 74195, 74214, 74215]","[0, 0, 0, 98872, 29762, 30002]",1,1,0.95,0.95,0.0,0.0,0.0,0.0,1,1,1,1,1,1,0,0,0,0
43,57013,inverse,65_plus,0,1,"[0, 0, 0, 74195, 74214, 74215]","[0, 0, 0, 98872, 32843, 98872]",1,1,1.0,1.0,0.0,0.0,0.0,0.0,1,1,0,0,1,1,0,0,0,0
44,68686,itemRequiresStatement,5_16,0,1,"[0, 0, 0, 74195, 74214, 74215]","[0, 0, 0, 98872, 38708, 98872]",1,1,1.0,1.0,0.0,0.0,0.0,0.0,1,1,0,0,1,1,0,0,0,0
45,50387,inverse,65_plus,0,1,"[0, 0, 0, 74195, 74214, 74215]","[0, 0, 0, 98872, 29865, 98872]",1,1,0.8414634146341463,0.8414634146341463,0.0,0.0,0.0,0.0,1,1,0,0,1,1,0,0,0,0
46,66339,valueRequiresStatement,65_plus,0,1,"[0, 0, 0, 74195, 74214, 74215]","[0, 0, 0, 98872, 29803, 35546]",1,1,0.9206349206349206,0.9206349206349206,0.0,0.0,0.16666666666666666,0.16666666666666666,1,1,1,1,1,1,1,1,0,0
47,50362,valueType,17_64,0,1,"[0, 0, 0, 74195, 74214, 74215]","[0, 0, 0, 98872, 29859, 98872]",1,1,0.95,0.95,0.0,0.0,0.0,0.0,1,1,0,0,1,1,0,0,0,0
48,57796,conflictWith,65_plus,0,1,"[0, 0, 0, 74195, 74214, 74215]","[0, 0, 0, 98872, 33147, 98872]",1,1,0.9302325581395349,0.9302325581395349,0.0,0.0,0.0,0.0,1,1,0,0,1,1,0,0,0,0
49,51871,oneOf,65_plus,0,1,"[0, 0, 0, 74195, 74214, 74215]","[0, 0, 0, 98872, 29852, 32652]",1,1,0.8539325842696629,0.8539325842696629,0.02040816326530612,0.02040816326530612,0.3333333333333333,0.3333333333333333,1,1,1,1,1,1,1,1,0,0
50,56799,conflictWith,65_plus,0,1,"[0, 0, 0, 74195, 74214, 74215]","[0, 0, 0, 98872, 30122, 32713]",1,1,0.9180327868852459,0.9180327868852459,0.0,0.0,0.0,0.0,1,1,0,0,1,1,0,0,0,0
51,66339,valueRequiresStatement,65_plus,0,1,"[0, 0, 0, 74195, 74214, 74215]","[0, 0, 0, 98872, 29803, 35546]",1,1,1.0,1.0,0.0,0.0,1.0,1.0,1,1,1,1,1,1,1,1,0,0
52,52397,valueRequiresStatement,65_plus,0,1,"[0, 0, 0, 74195, 74214, 74215]","[0, 0, 0, 98872, 30260, 86568]",1,1,0.65,0.65,0.0,0.0,0.3,0.3,1,1,1,1,1,1,1,1,0,0
53,51863,type,17_64,0,1,"[0, 0, 0, 74195, 74214, 74215]","[0, 0, 0, 98872, 29963, 98872]",1,1,1.0,1.0,0.0,0.0,0.0,0.0,1,1,0,0,1,1,0,0,0,0
54,52143,valueType,65_plus,0,1,"[0, 0, 0, 74195, 74214, 74215]","[0, 0, 0, 98872, 29758, 30841]",1,1,0.9831460674157303,0.9831460674157303,0.0035211267605633804,0.0035211267605633804,0.16666666666666666,0.16666666666666666,1,1,1,1,1,1,1,1,0,0
55,67743,type,65_plus,0,1,"[0, 0, 0, 74195, 74214, 74215]","[0, 0, 0, 98872, 38091, 98872]",1,1,0.7105263157894737,0.7105263157894737,0.0,0.0,0.0,0.0,1,1,0,0,1,1,0,0,0,0
56,65158,valueType,65_plus,0,1,"[0, 0, 0, 74195, 74214, 74215]","[0, 0, 0, 98872, 32695, 74341]",1,1,0.8045977011494253,0.8045977011494253,0.0,0.0,0.05555555555555555,0.05555555555555555,1,1,1,1,1,1,1,1,0,0
57,57383,inverse,17_64,0,1,"[0, 0, 0, 74195, 74214, 74215]","[0, 0, 0, 98872, 32975, 98872]",1,1,0.47368421052631576,0.47368421052631576,0.0,0.0,0.0,0.0,1,1,1,1,1,1,1,1,0,0
58,59405,distinct,65_plus,0,1,"[0, 0, 0, 74195, 74214, 74215]","[0, 0, 0, 91640, 33681, 75281]",1,1,1.0,1.0,0.0,0.0,1.0,1.0,1,1,1,1,1,1,1,1,0,0
59,73929,inverse,17_64,0,1,"[0, 0, 0, 74195, 74214, 74215]","[0, 0, 0, 98872, 43171, 98872]",1,1,0.5789473684210527,0.5789473684210527,0.0,0.0,0.0,0.0,1,1,0,0,1,1,0,0,0,0
60,68580,single,17_64,0,1,"[0, 0, 0, 74195, 74214, 74215]","[0, 0, 0, 98872, 36262, 98872]",1,1,1.0,1.0,0.0,0.0,0.0,0.0,1,1,0,0,1,1,0,0,0,0
61,62202,valueRequiresStatement,65_plus,0,1,"[0, 0, 0, 74195, 74214, 74215]","[0, 0, 0, 98872, 29766, 29975]",1,1,0.7884615384615384,0.7884615384615384,0.0,0.0,0.21428571428571427,0.21428571428571427,1,1,1,1,1,1,1,1,0,0
62,59405,distinct,65_plus,0,1,"[0, 0, 0, 74195, 74214, 74215]","[0, 0, 0, 91402, 33681, 75281]",1,1,1.0,1.0,0.0,0.0,1.0,1.0,1,1,1,1,1,1,1,1,0,0
63,52397,valueRequiresStatement,65_plus,0,1,"[0, 0, 0, 74195, 74214, 74215]","[0, 0, 0, 98872, 30260, 76910]",1,1,0.5555555555555556,0.5555555555555556,0.0,0.0,0.2,0.2,1,1,1,1,1,1,1,1,0,0
64,51492,type,65_plus,0,1,"[0, 0, 0, 74195, 74214, 74215]","[0, 0, 0, 98872, 30303, 98872]",1,1,0.7456140350877193,0.7456140350877193,0.0,0.0,0.0,0.0,1,1,0,0,1,1,0,0,0,0
65,56098,valueType,17_64,0,1,"[0, 0, 0, 74195, 74214, 74215]","[0, 0, 0, 98872, 30990, 31172]",1,1,0.95,0.95,0.07692307692307693,0.07692307692307693,0.0,0.0,1,1,1,1,1,1,0,0,0,0
66,66960,distinct,17_64,0,1,"[0, 0, 0, 74195, 74214, 74215]","[0, 0, 0, 92469, 37448, 90220]",1,1,0.7857142857142857,0.7857142857142857,0.0,0.0,0.0,0.0,1,1,1,1,1,1,1,1,0,0
67,52397,valueRequiresStatement,65_plus,0,1,"[0, 0, 0, 74195, 74214, 74215]","[0, 0, 0, 98872, 30260, 81403]",1,1,0.75,0.75,0.0,0.0,0.23076923076923078,0.23076923076923078,1,1,1,1,1,1,1,1,0,0
68,70810,oneOf,65_plus,0,1,"[0, 0, 0, 74195, 74214, 74215]","[0, 0, 0, 98872, 42703, 98872]",1,1,0.9727272727272728,0.9727272727272728,0.0,0.0,0.0,0.0,1,1,0,0,1,1,0,0,0,0
69,64322,valueType,65_plus,0,1,"[0, 0, 0, 74195, 74214, 74215]","[0, 0, 0, 98872, 31943, 30841]",1,1,0.9693251533742331,0.9693251533742331,0.0,0.0,0.09090909090909091,0.09090909090909091,1,1,1,1,1,1,1,1,0,0
70,60307,type,17_64,0,1,"[0, 0, 0, 74195, 74214, 74215]","[0, 0, 0, 98872, 34240, 98872]",1,1,1.0,1.0,0.0,0.0,0.0,0.0,1,1,0,0,1,1,0,0,0,0
71,62202,valueRequiresStatement,65_plus,0,1,"[0, 0, 0, 74195, 74214, 74215]","[0, 0, 0, 98872, 29766, 43693]",1,1,0.734375,0.734375,0.0,0.0,0.15,0.15,1,1,1,1,1,1,1,1,0,0
72,56958,valueType,65_plus,0,1,"[0, 0, 0, 74195, 74214, 74215]","[0, 0, 0, 98872, 32827, 33497]",1,1,0.8695652173913043,0.8695652173913043,0.0,0.0,0.11764705882352941,0.11764705882352941,1,1,1,1,1,1,1,1,0,0
73,59405,distinct,65_plus,0,1,"[0, 0, 0, 74195, 74214, 74215]","[0, 0, 0, 91027, 33681, 75281]",1,1,1.0,1.0,0.0,0.0,1.0,1.0,1,1,1,1,1,1,1,1,0,0
74,68684,type,17_64,0,1,"[0, 0, 0, 74195, 74214, 74215]","[0, 0, 0, 98872, 38708, 98872]",1,1,1.0,1.0,0.0,0.0,0.0,0.0,1,1,0,0,1,1,0,0,0,0
75,57013,inverse,17_64,0,1,"[0, 0, 0, 74195, 74214, 74215]","[0, 0, 0, 98872, 32843, 98872]",1,1,1.0,1.0,0.0,0.0,0.0,0.0,1,1,0,0,1,1,0,0,0,0
76,68687,single,17_64,0,1,"[0, 0, 0, 74195, 74214, 74215]","[0, 0, 0, 98872, 38708, 98872]",1,1,1.0,1.0,0.0,0.0,0.0,0.0,1,1,0,0,1,1,0,0,0,0
77,52397,valueRequiresStatement,65_plus,0,1,"[0, 0, 0, 74195, 74214, 74215]","[0, 0, 0, 98872, 30260, 87089]",1,1,0.7027027027027027,0.7027027027027027,0.0,0.0,0.21428571428571427,0.21428571428571427,1,1,1,1,1,1,1,1,0,0
78,53992,valueType,65_plus,0,1,"[0, 0, 0, 74195, 74214, 74215]","[0, 0, 0, 98872, 31313, 75783]",1,1,0.9453781512605042,0.9453781512605042,0.0,0.0,0.0,0.0,1,1,1,1,1,1,1,1,0,0
79,68693,valueType,65_plus,0,1,"[0, 0, 0, 74195, 74214, 74215]","[0, 0, 0, 98872, 30223, 35555]",1,1,0.6612903225806451,0.6612903225806451,0.0,0.0,0.0,0.0,1,1,1,1,1,1,1,1,0,0
80,58878,conflictWith,65_plus,0,1,"[0, 0, 0, 74195, 74214, 74215]","[0, 0, 0, 98872, 31104, 98872]",1,1,1.0,1.0,0.0,0.0,0.0,0.0,1,1,0,0,1,1,0,0,0,0
81,68689,itemRequiresStatement,5_16,0,1,"[0, 0, 0, 74195, 74214, 74215]","[0, 0, 0, 98872, 38708, 98872]",1,1,1.0,1.0,0.0,0.0,0.0,0.0,1,1,0,0,1,1,0,0,0,0
82,56100,type,17_64,0,1,"[0, 0, 0, 74195, 74214, 74215]","[0, 0, 0, 98872, 30990, 31156]",1,1,0.9285714285714286,0.9285714285714286,0.1111111111111111,0.1111111111111111,0.0,0.0,1,1,1,1,1,1,0,0,0,0
83,59405,distinct,65_plus,0,1,"[0, 0, 0, 74195, 74214, 74215]","[0, 0, 0, 90750, 33681, 75281]",1,1,1.0,1.0,0.0,0.0,1.0,1.0,1,1,1,1,1,1,1,1,0,0
84,59405,distinct,65_plus,0,1,"[0, 0, 0, 74195, 74214, 74215]","[0, 0, 0, 90252, 33681, 75281]",1,1,1.0,1.0,0.0,0.0,1.0,1.0,1,1,1,1,1,1,1,1,0,0
85,60094,inverse,17_64,0,1,"[0, 0, 0, 74195, 74214, 74215]","[0, 0, 0, 98872, 30780, 80080]",1,1,0.7272727272727273,0.7272727272727273,0.0,0.0,0.25,0.25,1,1,1,1,1,1,1,1,0,0
86,59405,distinct,65_plus,0,1,"[0, 0, 0, 74195, 74214, 74215]","[0, 0, 0, 91453, 33681, 75281]",1,1,1.0,1.0,0.0,0.0,1.0,1.0,1,1,1,1,1,1,1,1,0,0
87,66550,valueType,65_plus,0,1,"[0, 0, 0, 74195, 74214, 74215]","[0, 0, 0, 98872, 37252, 81243]",0,0,0.853448275862069,0.853448275862069,0.0,0.0,0.0,0.0,1,1,1,1,1,1,1,1,0,0
88,55763,valueType,17_64,0,1,"[0, 0, 0, 74195, 74214, 74215]","[0, 0, 0, 98872, 29973, 36734]",1,1,0.7272727272727273,0.7272727272727273,0.16666666666666666,0.16666666666666666,0.3333333333333333,0.3333333333333333,1,1,1,1,1,1,1,1,0,0
89,56490,valueRequiresStatement,17_64,0,1,"[0, 0, 0, 74195, 74214, 74215]","[0, 0, 0, 98872, 29762, 29900]",1,1,0.8571428571428571,0.8571428571428571,0.25,0.25,0.875,0.875,1,1,1,1,1,1,1,1,0,0
90,66339,valueRequiresStatement,65_plus,0,1,"[0, 0, 0, 74195, 74214, 74215]","[0, 0, 0, 98872, 29803, 29916]",1,1,0.9230769230769231,0.9230769230769231,0.0,0.0,0.0,0.0,1,1,1,1,1,1,1,1,0,0
91,53610,type,17_64,0,1,"[0, 0, 0, 74195, 74214, 74215]","[0, 0, 0, 98872, 31152, 74335]",0,0,0.52,0.52,0.0,0.0,0.0,0.0,1,1,1,1,1,1,1,1,0,0
92,57383,inverse,65_plus,0,1,"[0, 0, 0, 74195, 74214, 74215]","[0, 0, 0, 98872, 32975, 98872]",1,1,0.819672131147541,0.819672131147541,0.0,0.0,0.0,0.0,1,1,0,0,1,1,0,0,0,0
93,57813,single,65_plus,0,1,"[0, 0, 0, 74195, 74214, 74215]","[0, 0, 0, 83815, 33150, 96753]",1,1,0.6666666666666666,0.6666666666666666,0.0,0.0,0.0,0.0,1,1,0,0,1,1,0,0,0,0
94,62203,type,17_64,0,1,"[0, 0, 0, 74195, 74214, 74215]","[0, 0, 0, 98872, 29766, 83512]",1,1,0.9090909090909091,0.9090909090909091,0.0,0.0,0.4,0.4,1,1,1,1,1,1,1,1,0,0
95,70736,inverse,65_plus,0,1,"[0, 0, 0, 74195, 74214, 74215]","[0, 0, 0, 98872, 42664, 98872]",1,1,0.875,0.875,0.0,0.0,0.0,0.0,1,1,0,0,1,1,0,0,0,0
96,62766,itemRequiresStatement,17_64,0,1,"[0, 0, 0, 74195, 74214, 74215]","[0, 0, 0, 98872, 35283, 98872]",1,1,1.0,1.0,0.0,0.0,0.0,0.0,1,1,0,0,1,1,0,0,0,0
97,60921,distinct,17_64,0,1,"[0, 0, 0, 74195, 74214, 74215]","[0, 0, 0, 98872, 34519, 90199]",1,1,1.0,1.0,0.0,0.0,0.0,0.0,1,1,1,1,1,1,0,0,0,0
98,64322,valueType,5_16,0,1,"[0, 0, 0, 74195, 74214, 74215]","[0, 0, 0, 98872, 31943, 30653]",1,1,1.0,1.0,0.0,0.0,0.0,0.0,1,1,0,0,1,1,0,0,0,0
99,51877,conflictWith,65_plus,0,1,"[0, 0, 0, 74195, 74214, 74215]","[0, 0, 0, 98872, 29852, 32653]",1,1,0.9743589743589743,0.9743589743589743,0.0,0.0,0.0,0.0,1,1,0,0,1,1,0,0,0,0
100,66339,valueRequiresStatement,17_64,0,1,"[0, 0, 0, 74195, 74214, 74215]","[0, 0, 0, 98872, 29803, 93547]",1,1,0.8666666666666667,0.8666666666666667,0.0,0.0,0.0,0.0,1,1,1,1,1,1,1,1,0,0
101,59405,distinct,65_plus,0,1,"[0, 0, 0, 74195, 74214, 74215]","[0, 0, 0, 91808, 33681, 75281]",1,1,1.0,1.0,0.0,0.0,1.0,1.0,1,1,1,1,1,1,1,1,0,0
102,62027,type,65_plus,0,1,"[0, 0, 0, 74195, 74214, 74215]","[0, 0, 0, 29895, 34995, 76961]",1,1,0.6511627906976745,0.6511627906976745,0.0,0.0,0.0,0.0,1,1,1,1,1,1,1,1,0,0
103,59405,distinct,65_plus,0,1,"[0, 0, 0, 74195, 74214, 74215]","[0, 0, 0, 90885, 33681, 75281]",1,1,1.0,1.0,0.0,0.0,1.0,1.0,1,1,1,1,1,1,1,1,0,0
104,56097,itemRequiresStatement,17_64,0,1,"[0, 0, 0, 74195, 74214, 74215]","[0, 0, 0, 98872, 30990, 31172]",1,1,0.95,0.95,0.07692307692307693,0.07692307692307693,0.0,0.0,1,1,1,1,1,1,0,0,0,0
105,52397,valueRequiresStatement,65_plus,0,1,"[0, 0, 0, 74195, 74214, 74215]","[0, 0, 0, 98872, 30260, 98872]",1,1,0.9761904761904762,0.9761904761904762,0.0,0.0,0.0,0.0,1,1,0,0,1,1,0,0,0,0
106,64322,valueType,65_plus,0,1,"[0, 0, 0, 74195, 74214, 74215]","[0, 0, 0, 98872, 31943, 74580]",1,1,0.9766666666666667,0.9766666666666667,0.0,0.0,0.125,0.125,1,1,1,1,1,1,1,1,0,0
107,68597,type,17_64,0,1,"[0, 0, 0, 74195, 74214, 74215]","[0, 0, 0, 98872, 38662, 98872]",1,1,1.0,1.0,0.0,0.0,0.0,0.0,1,1,0,0,1,1,0,0,0,0
108,72906,valueRequiresStatement,17_64,0,1,"[0, 0, 0, 74195, 74214, 74215]","[0, 0, 0, 98872, 29923, 98872]",1,1,0.9,0.9,0.0,0.0,0.0,0.0,1,1,0,0,1,1,0,0,0,0
109,68746,itemRequiresStatement,65_plus,0,1,"[0, 0, 0, 74195, 74214, 74215]","[0, 0, 0, 98872, 38744, 98872]",1,1,1.0,1.0,0.0,0.0,0.0,0.0,1,1,0,0,1,1,0,0,0,0
110,68689,itemRequiresStatement,5_16,0,1,"[0, 0, 0, 74195, 74214, 74215]","[0, 0, 0, 98872, 38708, 98872]",1,1,1.0,1.0,0.0,0.0,0.0,0.0,1,1,0,0,1,1,0,0,0,0
111,51438,type,65_plus,0,1,"[0, 0, 0, 74195, 74214, 74215]","[0, 0, 0, 98872, 30111, 76530]",1,1,0.9903846153846154,0.9903846153846154,0.0,0.0,0.0,0.0,1,1,1,1,1,1,1,1,0,0
112,50362,valueType,65_plus,0,1,"[0, 0, 0, 74195, 74214, 74215]","[0, 0, 0, 98872, 29859, 98872]",1,1,0.639344262295082,0.639344262295082,0.0,0.0,0.0,0.0,1,1,0,0,1,1,0,0,0,0
113,56687,distinct,17_64,0,1,"[0, 0, 0, 74195, 74214, 74215]","[0, 0, 0, 98872, 32735, 98872]",1,1,1.0,1.0,0.0,0.0,0.0,0.0,1,1,1,1,1,1,0,0,0,0
114,60921,distinct,17_64,0,1,"[0, 0, 0, 74195, 74214, 74215]","[0, 0, 0, 91569, 34519, 89970]",1,1,0.7586206896551724,0.7586206896551724,0.0,0.0,0.125,0.125,1,1,1,1,1,1,1,1,0,0
116,73156,conflictWith,65_plus,0,1,"[0, 0, 0, 74195, 74214, 74215]","[0, 0, 0, 98872, 29991, 98872]",1,1,1.0,1.0,0.0,0.0,0.0,0.0,1,1,0,0,1,1,0,0,0,0
117,61520,conflictWith,17_64,0,1,"[0, 0, 0, 74195, 74214, 74215]","[0, 0, 0, 98872, 33661, 98872]",1,1,1.0,1.0,0.0,0.0,0.0,0.0,1,1,0,0,1,1,0,0,0,0
118,59405,distinct,65_plus,0,1,"[0, 0, 0, 74195, 74214, 74215]","[0, 0, 0, 91199, 33681, 75281]",1,1,1.0,1.0,0.0,0.0,1.0,1.0,1,1,1,1,1,1,1,1,0,0
119,56490,valueRequiresStatement,65_plus,0,1,"[0, 0, 0, 74195, 74214, 74215]","[0, 0, 0, 98872, 29762, 29900]",1,1,0.8461538461538461,0.8461538461538461,0.3333333333333333,0.3333333333333333,0.8823529411764706,0.8823529411764706,1,1,1,1,1,1,1,1,0,0
120,67785,type,65_plus,0,1,"[0, 0, 0, 74195, 74214, 74215]","[0, 0, 0, 98872, 38111, 98872]",1,1,1.0,1.0,0.0,0.0,0.0,0.0,1,1,0,0,1,1,0,0,0,0
121,63500,inverse,17_64,0,1,"[0, 0, 0, 74195, 74214, 74215]","[0, 0, 0, 98872, 32015, 98872]",1,1,1.0,1.0,0.0,0.0,0.0,0.0,1,1,0,0,1,1,0,0,0,0
122,66339,valueRequiresStatement,17_64,0,1,"[0, 0, 0, 74195, 74214, 74215]","[0, 0, 0, 98872, 29803, 98872]",1,1,0.8461538461538461,0.8461538461538461,0.0,0.0,0.0,0.0,1,1,0,0,1,1,0,0,0,0
124,59405,distinct,65_plus,0,1,"[0, 0, 0, 74195, 74214, 74215]","[0, 0, 0, 98872, 33681, 75281]",1,1,1.0,1.0,0.0,0.0,1.0,1.0,1,1,1,1,1,1,1,1,0,0
125,59405,distinct,65_plus,0,1,"[0, 0, 0, 74195, 74214, 74215]","[0, 0, 0, 90482, 33681, 75281]",1,1,1.0,1.0,0.0,0.0,1.0,1.0,1,1,1,1,1,1,1,1,0,0
126,55039,itemRequiresStatement,17_64,0,1,"[0, 0, 0, 74195, 74214, 74215]","[0, 0, 0, 98872, 31961, 98872]",1,1,1.0,1.0,0.0,0.0,0.0,0.0,1,1,0,0,1,1,0,0,0,0
127,52410,valueType,65_plus,0,1,"[0, 0, 0, 74195, 74214, 74215]","[0, 0, 0, 98872, 30260, 98872]",1,1,1.0,1.0,0.0,0.0,0.0,0.0,1,1,0,0,1,1,0,0,0,0
128,71476,itemRequiresStatement,65_plus,0,1,"[0, 0, 0, 74195, 74214, 74215]","[0, 0, 0, 98872, 35102, 98872]",1,1,1.0,1.0,0.0,0.0,0.0,0.0,1,1,0,0,1,1,0,0,0,0
129,53482,conflictWith,65_plus,0,1,"[0, 0, 0, 74195, 74214, 74215]","[0, 0, 0, 98872, 30078, 98872]",1,1,1.0,1.0,0.0,0.0,0.0,0.0,1,1,0,0,1,1,0,0,0,0
130,59405,distinct,65_plus,0,1,"[0, 0, 0, 74195, 74214, 74215]","[0, 0, 0, 90594, 33681, 75281]",1,1,1.0,1.0,0.0,0.0,1.0,1.0,1,1,1,1,1,1,1,1,0,0
131,59405,distinct,65_plus,0,1,"[0, 0, 0, 74195, 74214, 74215]","[0, 0, 0, 92049, 33681, 75281]",1,1,1.0,1.0,0.0,0.0,1.0,1.0,1,1,1,1,1,1,1,1,0,0
132,66339,valueRequiresStatement,17_64,0,1,"[0, 0, 0, 74195, 74214, 74215]","[0, 0, 0, 98872, 29803, 98872]",1,1,1.0,1.0,0.0,0.0,0.0,0.0,1,1,0,0,1,1,0,0,0,0
133,62207,valueType,65_plus,0,1,"[0, 0, 0, 74195, 74214, 74215]","[0, 0, 0, 98872, 29766, 30433]",1,1,0.8117647058823529,0.8117647058823529,0.0,0.0,0.1111111111111111,0.1111111111111111,1,1,1,1,1,1,1,1,0,0
134,70810,oneOf,65_plus,0,1,"[0, 0, 0, 74195, 74214, 74215]","[0, 0, 0, 98872, 42703, 35944]",1,1,0.6666666666666666,0.6666666666666666,0.0,0.0,0.029411764705882353,0.029411764705882353,1,1,1,1,1,1,1,1,0,0
135,59405,distinct,65_plus,0,1,"[0, 0, 0, 74195, 74214, 74215]","[0, 0, 0, 98872, 33681, 75281]",1,1,1.0,1.0,0.0,0.0,1.0,1.0,1,1,1,1,1,1,1,1,0,0
136,62202,valueRequiresStatement,65_plus,0,1,"[0, 0, 0, 74195, 74214, 74215]","[0, 0, 0, 98872, 29766, 31309]",1,1,0.6981132075471698,0.6981132075471698,0.0,0.0,0.15789473684210525,0.15789473684210525,1,1,1,1,1,1,1,1,0,0
137,62202,valueRequiresStatement,65_plus,0,1,"[0, 0, 0, 74195, 74214, 74215]","[0, 0, 0, 98872, 29766, 29975]",1,1,0.6935483870967742,0.6935483870967742,0.0,0.0,0.13636363636363635,0.13636363636363635,1,1,1,1,1,1,1,1,0,0
138,52830,single,17_64,0,1,"[0, 0, 0, 74195, 74214, 74215]","[0, 0, 0, 98872, 30842, 44547]",1,1,0.9444444444444444,0.9444444444444444,0.0,0.0,0.0,0.0,1,1,0,0,1,1,0,0,0,0
139,59405,distinct,65_plus,0,1,"[0, 0, 0, 74195, 74214, 74215]","[0, 0, 0, 98872, 33681, 75281]",1,1,1.0,1.0,0.0,0.0,1.0,1.0,1,1,1,1,1,1,1,1,0,0
140,59402,inverse,17_64,0,1,"[0, 0, 0, 74195, 74214, 74215]","[0, 0, 0, 98872, 33681, 74723]",1,1,1.0,1.0,0.0,0.0,0.0,0.0,1,1,1,1,1,1,1,1,0,0
141,52397,valueRequiresStatement,17_64,0,1,"[0, 0, 0, 74195, 74214, 74215]","[0, 0, 0, 98872, 30260, 76552]",1,1,0.6923076923076923,0.6923076923076923,0.0,0.0,0.42857142857142855,0.42857142857142855,1,1,1,1,1,1,1,1,0,0
142,51435,valueType,65_plus,0,1,"[0, 0, 0, 74195, 74214, 74215]","[0, 0, 0, 98872, 30111, 46540]",1,1,0.9552845528455285,0.9552845528455285,0.0,0.0,0.15384615384615385,0.15384615384615385,1,1,1,1,1,1,1,1,0,0
143,59405,distinct,65_plus,0,1,"[0, 0, 0, 74195, 74214, 74215]","[0, 0, 0, 91410, 33681, 75281]",1,1,1.0,1.0,0.0,0.0,1.0,1.0,1,1,1,1,1,1,1,1,0,0
144,67492,valueType,65_plus,0,1,"[0, 0, 0, 74195, 74214, 74215]","[0, 0, 0, 98872, 30332, 98872]",1,1,1.0,1.0,0.0,0.0,0.0,0.0,1,1,0,0,1,1,0,0,0,0
145,56098,valueType,17_64,0,1,"[0, 0, 0, 74195, 74214, 74215]","[0, 0, 0, 98872, 30990, 31172]",1,1,0.95,0.95,0.07692307692307693,0.07692307692307693,0.0,0.0,1,1,1,1,1,1,0,0,0,0
146,55764,itemRequiresStatement,17_64,0,1,"[0, 0, 0, 74195, 74214, 74215]","[0, 0, 0, 98872, 29973, 98872]",1,1,0.96,0.96,0.0,0.0,0.0,0.0,1,1,0,0,1,1,0,0,0,0
147,52216,conflictWith,17_64,0,1,"[0, 0, 0, 74195, 74214, 74215]","[0, 0, 0, 98872, 30638, 98872]",1,1,1.0,1.0,0.0,0.0,1.0,1.0,1,1,1,1,1,1,1,1,0,0
148,66337,conflictWith,65_plus,0,1,"[0, 0, 0, 74195, 74214, 74215]","[0, 0, 0, 98872, 29803, 74319]",1,1,0.9764705882352941,0.9764705882352941,0.0,0.0,0.0,0.0,1,1,0,0,1,1,0,0,0,0
149,72933,inverse,17_64,0,1,"[0, 0, 0, 74195, 74214, 74215]","[0, 0, 0, 98872, 44555, 98872]",1,1,0.7777777777777778,0.7777777777777778,0.0,0.0,0.0,0.0,1,1,0,0,1,1,0,0,0,0
150,58452,conflictWith,65_plus,0,1,"[0, 0, 0, 74195, 74214, 74215]","[0, 0, 0, 98872, 32016, 98872]",1,1,1.0,1.0,0.0,0.0,0.0,0.0,1,1,0,0,1,1,0,0,0,0
151,68580,single,65_plus,0,1,"[0, 0, 0, 74195, 74214, 74215]","[0, 0, 0, 98872, 36262, 98872]",1,1,1.0,1.0,0.0,0.0,0.0,0.0,1,1,0,0,1,1,0,0,0,0
152,57013,inverse,17_64,0,1,"[0, 0, 0, 74195, 74214, 74215]","[0, 0, 0, 98872, 32843, 98872]",1,1,0.6923076923076923,0.6923076923076923,0.0,0.0,0.0,0.0,1,1,0,0,1,1,0,0,0,0
153,59405,distinct,65_plus,0,1,"[0, 0, 0, 74195, 74214, 74215]","[0, 0, 0, 91523, 33681, 75281]",1,1,1.0,1.0,0.0,0.0,1.0,1.0,1,1,1,1,1,1,1,1,0,0
154,53992,valueType,65_plus,0,1,"[0, 0, 0, 74195, 74214, 74215]","[0, 0, 0, 98872, 31313, 77631]",0,0,0.9262672811059908,0.9262672811059908,0.0,0.0,0.0,0.0,1,1,1,1,1,1,1,1,0,0
155,59405,distinct,65_plus,0,1,"[0, 0, 0, 74195, 74214, 74215]","[0, 0, 0, 91557, 33681, 75281]",1,1,1.0,1.0,0.0,0.0,1.0,1.0,1,1,1,1,1,1,1,1,0,0
156,67492,valueType,65_plus,0,1,"[0, 0, 0, 74195, 74214, 74215]","[0, 0, 0, 98872, 30332, 78506]",1,1,0.7435897435897436,0.7435897435897436,0.0,0.0,0.0,0.0,1,1,1,1,1,1,1,1,0,0
157,60096,distinct,17_64,0,1,"[0, 0, 0, 74195, 74214, 74215]","[0, 0, 0, 93936, 30780, 89986]",1,1,0.6470588235294118,0.6470588235294118,0.0,0.0,0.25,0.25,1,1,1,1,1,1,1,1,0,0
158,66339,valueRequiresStatement,65_plus,0,1,"[0, 0, 0, 74195, 74214, 74215]","[0, 0, 0, 98872, 29803, 29916]",1,1,0.9230769230769231,0.9230769230769231,0.0,0.0,0.0,0.0,1,1,1,1,1,1,1,1,0,0
159,68686,itemRequiresStatement,5_16,0,1,"[0, 0, 0, 74195, 74214, 74215]","[0, 0, 0, 98872, 38708, 98872]",1,1,1.0,1.0,0.0,0.0,0.0,0.0,1,1,0,0,1,1,0,0,0,0
160,55082,single,65_plus,0,1,"[0, 0, 0, 74195, 74214, 74215]","[0, 0, 0, 98872, 30067, 98872]",1,1,1.0,1.0,0.0,0.0,0.0,0.0,1,1,0,0,1,1,0,0,0,0
161,59405,distinct,65_plus,0,1,"[0, 0, 0, 74195, 74214, 74215]","[0, 0, 0, 90771, 33681, 75281]",1,1,1.0,1.0,0.0,0.0,1.0,1.0,1,1,1,1,1,1,1,1,0,0
162,73459,valueType,65_plus,0,1,"[0, 0, 0, 74195, 74214, 74215]","[0, 0, 0, 98872, 29760, 74305]",1,1,0.9659863945578231,0.9659863945578231,0.0,0.0,0.16666666666666666,0.16666666666666666,1,1,1,1,1,1,1,1,0,0
163,59405,distinct,65_plus,0,1,"[0, 0, 0, 74195, 74214, 74215]","[0, 0, 0, 91755, 33681, 75281]",1,1,1.0,1.0,0.0,0.0,1.0,1.0,1,1,1,1,1,1,1,1,0,0
164,56396,itemRequiresStatement,17_64,0,1,"[0, 0, 0, 74195, 74214, 74215]","[0, 0, 0, 98872, 32616, 98872]",1,1,1.0,1.0,0.0,0.0,0.0,0.0,1,1,0,0,1,1,0,0,0,0
165,68580,single,17_64,0,1,"[0, 0, 0, 74195, 74214, 74215]","[0, 0, 0, 98872, 36262, 98872]",1,1,1.0,1.0,0.0,0.0,0.0,0.0,1,1,0,0,1,1,0,0,0,0
166,59405,distinct,65_plus,0,1,"[0, 0, 0, 74195, 74214, 74215]","[0, 0, 0, 91602, 33681, 75281]",1,1,1.0,1.0,0.0,0.0,1.0,1.0,1,1,1,1,1,1,1,1,0,0
167,65158,valueType,65_plus,0,1,"[0, 0, 0, 74195, 74214, 74215]","[0, 0, 0, 98872, 32695, 74305]",1,1,0.780373831775701,0.780373831775701,0.008064516129032258,0.008064516129032258,0.02127659574468085,0.02127659574468085,1,1,1,1,1,1,1,1,0,0
168,72906,valueRequiresStatement,17_64,0,1,"[0, 0, 0, 74195, 74214, 74215]","[0, 0, 0, 98872, 29923, 98872]",1,1,0.9230769230769231,0.9230769230769231,0.0,0.0,0.0,0.0,1,1,0,0,1,1,0,0,0,0
169,52397,valueRequiresStatement,65_plus,0,1,"[0, 0, 0, 74195, 74214, 74215]","[0, 0, 0, 98872, 30260, 76739]",1,1,0.8653846153846154,0.8653846153846154,0.0,0.0,0.3,0.3,1,1,1,1,1,1,1,1,0,0
170,56805,itemRequiresStatement,65_plus,0,1,"[0, 0, 0, 74195, 74214, 74215]","[0, 0, 0, 98872, 30122, 98872]",1,1,0.5853658536585366,0.5853658536585366,0.0,0.0,0.0,0.0,1,1,0,0,1,1,0,0,0,0
171,62586,itemRequiresStatement,65_plus,0,1,"[0, 0, 0, 74195, 74214, 74215]","[0, 0, 0, 98872, 35218, 98872]",1,1,1.0,1.0,0.0,0.0,0.0,0.0,1,1,0,0,1,1,0,0,0,0
172,53533,distinct,65_plus,0,1,"[0, 0, 0, 74195, 74214, 74215]","[0, 0, 0, 91218, 31130, 89884]",1,1,1.0,1.0,0.0,0.0,0.0,0.0,1,1,1,1,1,1,1,1,0,0
173,59405,distinct,65_plus,0,1,"[0, 0, 0, 74195, 74214, 74215]","[0, 0, 0, 92734, 33681, 75281]",1,1,1.0,1.0,0.0,0.0,1.0,1.0,1,1,1,1,1,1,1,1,0,0
175,62202,valueRequiresStatement,65_plus,0,1,"[0, 0, 0, 74195, 74214, 74215]","[0, 0, 0, 98872, 29766, 43693]",1,1,0.7818181818181819,0.7818181818181819,0.0,0.0,0.0,0.0,1,1,1,1,1,1,1,1,0,0
176,56490,valueRequiresStatement,17_64,0,1,"[0, 0, 0, 74195, 74214, 74215]","[0, 0, 0, 98872, 29762, 29900]",1,1,1.0,1.0,0.0,0.0,1.0,1.0,1,1,1,1,1,1,1,1,0,0
177,56798,itemRequiresStatement,17_64,0,1,"[0, 0, 0, 74195, 74214, 74215]","[0, 0, 0, 98872, 30122, 98872]",1,1,0.7368421052631579,0.7368421052631579,0.14285714285714285,0.14285714285714285,0.5555555555555556,0.5555555555555556,1,1,1,1,1,1,1,1,0,0
178,59405,distinct,65_plus,0,1,"[0, 0, 0, 74195, 74214, 74215]","[0, 0, 0, 91584, 33681, 75281]",1,1,1.0,1.0,0.0,0.0,1.0,1.0,1,1,1,1,1,1,1,1,0,0
179,59405,distinct,65_plus,0,1,"[0, 0, 0, 74195, 74214, 74215]","[0, 0, 0, 98872, 33681, 75281]",1,1,1.0,1.0,0.0,0.0,1.0,1.0,1,1,1,1,1,1,1,1,0,0
180,61651,type,17_64,0,1,"[0, 0, 0, 74195, 74214, 74215]","[0, 0, 0, 98872, 31226, 98872]",1,1,1.0,1.0,0.0,0.0,0.0,0.0,1,1,0,0,1,1,0,0,0,0
181,59405,distinct,65_plus,0,1,"[0, 0, 0, 74195, 74214, 74215]","[0, 0, 0, 92734, 33681, 75281]",1,1,1.0,1.0,0.0,0.0,1.0,1.0,1,1,1,1,1,1,1,1,0,0
182,68403,single,65_plus,0,1,"[0, 0, 0, 74195, 74214, 74215]","[0, 0, 0, 98872, 30235, 98872]",1,1,1.0,1.0,0.0,0.0,0.0,0.0,1,1,0,0,1,1,0,0,0,0
183,53611,valueType,65_plus,0,1,"[0, 0, 0, 74195, 74214, 74215]","[0, 0, 0, 98872, 31152, 36173]",0,0,0.625,0.625,0.0,0.0,0.0,0.0,1,1,1,1,1,1,1,1,0,0
184,53040,type,5_16,0,1,"[0, 0, 0, 74195, 74214, 74215]","[0, 0, 0, 98872, 30956, 98872]",1,1,1.0,1.0,0.0,0.0,0.0,0.0,1,1,0,0,1,1,0,0,0,0
185,51431,single,65_plus,0,1,"[0, 0, 0, 74195, 74214, 74215]","[0, 0, 0, 98872, 30111, 85446]",1,1,0.7727272727272727,0.7727272727272727,0.0,0.0,0.0,0.0,1,1,0,0,1,1,0,0,0,0
186,73014,type,17_64,0,1,"[0, 0, 0, 74195, 74214, 74215]","[0, 0, 0, 98872, 45023, 77581]",1,1,1.0,1.0,0.0,0.0,0.0,0.0,1,1,1,1,1,1,0,0,0,0
187,60924,single,17_64,0,1,"[0, 0, 0, 74195, 74214, 74215]","[0, 0, 0, 98872, 34519, 98872]",1,1,1.0,1.0,0.0,0.0,0.0,0.0,1,1,0,0,1,1,0,0,0,0
188,61220,type,65_plus,0,1,"[0, 0, 0, 74195, 74214, 74215]","[0, 0, 0, 98872, 33336, 98872]",1,1,1.0,1.0,0.0,0.0,0.0,0.0,1,1,0,0,1,1,0,0,0,0
189,64000,single,65_plus,0,1,"[0, 0, 0, 74195, 74214, 74215]","[0, 0, 0, 95002, 35867, 85168]",1,1,1.0,1.0,0.0,0.0,0.0,0.0,1,1,0,0,1,1,0,0,0,0
190,71367,single,65_plus,0,1,"[0, 0, 0, 74195, 74214, 74215]","[0, 0, 0, 98872, 43017, 98872]",1,1,1.0,1.0,0.0,0.0,0.0,0.0,1,1,0,0,1,1,0,0,0,0
191,56490,valueRequiresStatement,17_64,0,1,"[0, 0, 0, 74195, 74214, 74215]","[0, 0, 0, 98872, 29762, 30002]",1,1,0.95,0.95,0.0,0.0,0.0,0.0,1,1,1,1,1,1,0,0,0,0
192,56490,valueRequiresStatement,17_64,0,1,"[0, 0, 0, 74195, 74214, 74215]","[0, 0, 0, 98872, 29762, 29900]",1,1,1.0,1.0,0.0,0.0,1.0,1.0,1,1,1,1,1,1,1,1,0,0
193,57013,inverse,17_64,0,1,"[0, 0, 0, 74195, 74214, 74215]","[0, 0, 0, 98872, 32843, 98872]",1,1,0.9411764705882353,0.9411764705882353,0.0,0.0,0.0,0.0,1,1,0,0,1,1,0,0,0,0
194,59405,distinct,65_plus,0,1,"[0, 0, 0, 74195, 74214, 74215]","[0, 0, 0, 92010, 33681, 75281]",1,1,1.0,1.0,0.0,0.0,1.0,1.0,1,1,1,1,1,1,1,1,0,0
195,51669,single,65_plus,0,1,"[0, 0, 0, 74195, 74214, 74215]","[0, 0, 0, 98872, 30357, 98872]",1,1,1.0,1.0,0.0,0.0,0.0,0.0,1,1,0,0,1,1,0,0,0,0
196,60919,type,17_64,0,1,"[0, 0, 0, 74195, 74214, 74215]","[0, 0, 0, 98872, 34519, 98872]",1,1,1.0,1.0,0.0,0.0,0.0,0.0,1,1,0,0,1,1,0,0,0,0
197,63258,itemRequiresStatement,65_plus,0,1,"[0, 0, 0, 74195, 74214, 74215]","[0, 0, 0, 98872, 35506, 82218]",1,1,1.0,1.0,0.0,0.0,0.0,0.0,1,1,1,1,1,1,1,1,0,0
198,52397,valueRequiresStatement,65_plus,0,1,"[0, 0, 0, 74195, 74214, 74215]","[0, 0, 0, 98872, 30260, 83622]",1,1,0.8125,0.8125,0.0,0.0,0.3333333333333333,0.3333333333333333,1,1,1,1,1,1,1,1,0,0
199,71312,valueType,17_64,0,1,"[0, 0, 0, 74195, 74214, 74215]","[0, 0, 0, 98872, 31386, 94583]",1,1,0.9375,0.9375,0.08333333333333333,0.08333333333333333,0.0,0.0,1,1,1,1,1,1,1,1,0,0
200,64245,valueType,65_plus,0,1,"[0, 0, 0, 74195, 74214, 74215]","[0, 0, 0, 98872, 33289, 32351]",1,1,0.9545454545454546,0.9545454545454546,0.0,0.0,0.3333333333333333,0.3333333333333333,1,1,1,1,1,1,1,1,0,0
201,65605,single,17_64,0,1,"[0, 0, 0, 74195, 74214, 74215]","[0, 0, 0, 98872, 36694, 98872]",1,1,1.0,1.0,0.0,0.0,0.0,0.0,1,1,0,0,1,1,0,0,0,0
202,51861,distinct,17_64,0,1,"[0, 0, 0, 74195, 74214, 74215]","[0, 0, 0, 98872, 29963, 88882]",1,1,1.0,1.0,0.0,0.0,0.0,0.0,1,1,1,1,1,1,0,0,0,0
