state,density_bucket,factor_family,factor_type,support,positive_rate,accuracy,precision,recall,f1,auroc,auprc,ece
post_gold,1,inverse,9,1,1.0,1.0,1.0,1.0,1.0,,,0.026389896869659424
post_gold,1,single,0,4,1.0,1.0,1.0,1.0,1.0,,,0.0009320974349975586
post_gold,1,symmetric,14,2,1.0,1.0,1.0,1.0,1.0,,,1.4901161193847656e-05
post_gold,1,type,5,8,1.0,1.0,1.0,1.0,1.0,,,0.0007180273532867432
post_gold,1,valueRequiresStatement,15,26,1.0,1.0,1.0,1.0,1.0,,,0.04771842864843512
post_gold,17_64,conflictWith,3,720412,0.7397961166665741,0.9557294992309956,0.9708823811340684,0.9692264681269444,0.9700537179567833,0.9904257377402885,0.9963501868920249,0.21851175734778802
post_gold,17_64,distinct,2,354718,0.9784448491477737,0.998153462750692,0.9988422359246705,0.9992710446247465,0.9990565942620766,0.9978765310957692,0.9998935862370255,0.02516175305140751
post_gold,17_64,inverse,9,34015,0.7751286197265912,0.9816551521387623,0.9813388182498131,0.9952590457407267,0.988249915263812,0.9833089353211811,0.9926504992934126,0.2167919337155888
post_gold,17_64,itemRequiresStatement,4,219744,0.984677624872579,0.9882909203436726,0.9882618386436715,0.99998613531013,0.9940894190723627,0.8737935467024049,0.9972970078750976,0.005580626553442821
post_gold,17_64,oneOf,12,1930,0.9989637305699481,0.9989637305699481,0.9989637305699481,1.0,0.9994815966822187,0.36462655601659755,0.9977656296493047,0.07234811078699144
post_gold,17_64,single,0,587533,0.9988153856889741,0.9988153856889741,0.9988153856889741,1.0,0.9994073418087996,0.9426422006804098,0.9999147332051762,0.0005722129100833656
post_gold,17_64,symmetric,14,2596,0.9992295839753467,0.9992295839753467,0.9992295839753467,1.0,0.9996146435452794,0.9793754818812644,0.9999839351755242,0.003753418272191851
post_gold,17_64,type,5,207092,0.9749531609139899,0.9844320398663396,0.9857322374179164,0.9984844357494862,0.9920673585583457,0.9481998896886564,0.9981486317343666,0.011261351830398222
post_gold,17_64,valueRequiresStatement,15,9381,0.9929645027182603,0.9929645027182603,0.9929645027182603,1.0,0.9964698331193839,0.6358894907204086,0.9957886113852943,0.010961864754762522
post_gold,17_64,valueType,16,146770,0.8975676228112012,0.9675751175308306,0.9758580112277861,0.9883251351187223,0.9820520073164752,0.9724977754114216,0.9928154161019229,0.07105856980109686
post_gold,2_4,conflictWith,3,229,0.37554585152838427,0.8165938864628821,0.8928571428571429,0.5813953488372093,0.7042253521126761,0.9268173686778338,0.8922820836040961,0.5595198320764657
post_gold,2_4,distinct,2,470,1.0,1.0,1.0,1.0,1.0,,,0.001110715434906373
post_gold,2_4,inverse,9,107,1.0,0.9906542056074766,1.0,0.9906542056074766,0.9953051643192489,,,0.00576864837486049
post_gold,2_4,itemRequiresStatement,4,1064,1.0,1.0,1.0,1.0,1.0,,,0.004188143445136849
post_gold,2_4,oneOf,12,9,1.0,1.0,1.0,1.0,1.0,,,0.10503891441557141
post_gold,2_4,single,0,652,1.0,1.0,1.0,1.0,1.0,,,0.0001927214714646519
post_gold,2_4,symmetric,14,352,1.0,1.0,1.0,1.0,1.0,,,0.01412105407904491
post_gold,2_4,type,5,1094,1.0,1.0,1.0,1.0,1.0,,,0.008378582909512537
post_gold,2_4,valueRequiresStatement,15,13,1.0,1.0,1.0,1.0,1.0,,,0.01815804609885585
post_gold,2_4,valueType,16,262,1.0,0.9961832061068703,1.0,0.9961832061068703,0.9980879541108987,,,0.01836395826731014
post_gold,5_16,conflictWith,3,22006,0.5823411796782696,0.9114786876306462,0.9556394129979036,0.8892703862660944,0.9212611156022635,0.9741932821778145,0.9820407020354693,0.36109119976195525
post_gold,5_16,distinct,2,13095,0.9981672394043528,0.9979381443298969,0.998166819431714,0.999770484278173,0.998968008255934,0.9855596358350548,0.9999724730838079,0.003891914083831114
post_gold,5_16,inverse,9,2900,0.9917241379310345,0.9917241379310345,0.9917241379310345,1.0,0.9958448753462603,0.9651860222531294,0.9996640700364785,0.00231883102449878
post_gold,5_16,itemRequiresStatement,4,18649,0.9954957370368385,0.9958174701056357,0.9958161240143754,1.0,0.9979036766286821,0.9297923640234441,0.9996360454387603,0.005630191837637365
post_gold,5_16,oneOf,12,273,0.9963369963369964,0.9963369963369964,0.9963369963369964,1.0,0.998165137614679,0.7647058823529411,0.9990199962039175,0.07724392545092237
post_gold,5_16,single,0,17983,0.9992214869599065,0.9992214869599065,0.9992214869599065,1.0,0.9996105919003115,0.9196592544302489,0.9999289037557351,0.0002146886385820158
post_gold,5_16,symmetric,14,642,0.9984423676012462,0.9984423676012462,0.9984423676012462,1.0,0.9992205767731879,0.7020280811232449,0.9994496309148593,0.021005840873421153
post_gold,5_16,type,5,14656,0.9812363537117904,0.9851937772925764,0.9855340737693679,0.9995827828384675,0.9925087168156868,0.9538765163631304,0.9989456984521035,0.008484230200886145
post_gold,5_16,valueRequiresStatement,15,866,0.9953810623556582,0.9953810623556582,0.9953810623556582,1.0,0.9976851851851852,0.6371809744779582,0.9959514997589709,0.014547005605477385
post_gold,5_16,valueType,16,7517,0.9176533191432752,0.9727284821072236,0.9774575545726922,0.9931864308495216,0.9852592219745451,0.956288517052776,0.9931930227808352,0.056002381988789283
post_gold,65_plus,conflictWith,3,1100824,0.6884969804437403,0.9377493586622385,0.9510177859018628,0.9589768760044015,0.9549807478923197,0.9851442079844138,0.9931696381218731,0.25580612748433085
post_gold,65_plus,distinct,2,319378,0.9998434456975747,0.9996837603091008,0.999862205032648,0.9998215001503157,0.9998418521771945,0.9415240755586732,0.9999744556298075,0.004509395916351715
post_gold,65_plus,inverse,9,5361,0.9664241745942921,0.931915687371759,0.96720993403182,0.9621694653541787,0.9646831156265119,0.5852473782410088,0.9758143956011545,0.07430409409141041
post_gold,65_plus,itemRequiresStatement,4,466436,0.994224288005214,0.9943700743510364,0.994377733939446,0.9999913745142773,0.997176653743353,0.8937265154222005,0.9989766390337664,0.0026142324939118873
post_gold,65_plus,oneOf,12,1119,0.9964253798033958,0.9964253798033958,0.9964253798033958,1.0,0.9982094897045658,0.36905829596412554,0.9955541708846926,0.05503690567689887
post_gold,65_plus,single,0,762609,0.9991817563128681,0.9991817563128681,0.9991817563128681,1.0,0.9995907107072441,0.8033766122490802,0.9997304948561112,0.0015239118591036612
post_gold,65_plus,symmetric,14,1106,0.9972875226039783,0.9972875226039783,0.9972875226039783,1.0,0.9986419194205524,0.5858265336959807,0.9978612948544526,0.00562028961414446
post_gold,65_plus,type,5,529955,0.9288430149729694,0.9737619231821569,0.9772899620834165,0.9948704405326616,0.986001842260242,0.9778038967251332,0.9977539772521158,0.04303069866867015
post_gold,65_plus,valueRequiresStatement,15,10081,0.9971233012597956,0.9971233012597956,0.9971233012597956,1.0,0.9985595788009736,0.5118435857678005,0.9971241927567873,0.036522129191941796
post_gold,65_plus,valueType,16,312429,0.8580669528116788,0.969285821738699,0.9808543014573202,0.9834007870638044,0.9821258936121862,0.9875261138973902,0.997251271171637,0.11303672407453594
pre,1,inverse,9,1,1.0,1.0,1.0,1.0,1.0,,,0.07485306262969971
pre,1,single,0,4,1.0,1.0,1.0,1.0,1.0,,,0.0021404623985290527
pre,1,symmetric,14,2,1.0,1.0,1.0,1.0,1.0,,,0.006889402866363525
pre,1,type,5,22,1.0,1.0,1.0,1.0,1.0,,,0.001413207162510255
pre,1,valueRequiresStatement,15,26,1.0,1.0,1.0,1.0,1.0,,,0.06439385735071623
pre,17_64,conflictWith,3,720412,0.7540032647984765,0.9576714435628502,0.9730175571321813,0.9707820240687932,0.9718985050749305,0.9915191201951921,0.9971685054370762,0.2083109955333663
pre,17_64,distinct,2,156422,0.8556213320376929,0.997461993837184,0.9998576555113539,0.9971756900132996,0.9985148718562606,0.9997843222515426,0.9999669919162688,0.14610393999296245
pre,17_64,inverse,9,34015,0.26697045421137733,0.9891518447743642,0.994213750850919,0.9649818301949125,0.9793797150041911,0.9958323980373709,0.9955166588086849,0.719477811956423
pre,17_64,itemRequiresStatement,4,219708,0.9857174067398548,0.9883982376608954,0.9886391137778143,0.9997183358729279,0.9941478578496535,0.8938648889180825,0.997725352064204,0.00429060374244799
pre,17_64,oneOf,12,1930,0.8580310880829015,0.9046632124352332,0.9052863436123348,0.9927536231884058,0.9470046082949308,0.5788043478260869,0.875761140282995,0.11569933133112952
pre,17_64,single,0,587533,0.9984613630213112,0.9986673089000958,0.9986789195741218,0.999988067415692,0.9993330647421225,0.9476013163526172,0.9998997870847858,0.0006461015101806392
pre,17_64,symmetric,14,2596,0.9576271186440678,0.9734206471494607,0.973735789886319,0.999195494770716,0.9863013698630138,0.8571984933811161,0.9868222020765985,0.02525080663965696
pre,17_64,type,5,206317,0.9772001337747253,0.9861329895258267,0.9891225168822475,0.9967710415499,0.9929320503477155,0.9540500142498707,0.9985165334168544,0.009351739498553802
pre,17_64,valueRequiresStatement,15,9371,0.9724682531213318,0.9785508483619678,0.9795523030563926,0.998792933172391,0.9890790546047269,0.9609500270930784,0.9986709842065686,0.01630415562522851
pre,17_64,valueType,16,146142,0.8972232486212041,0.9689480094702413,0.9771065446486454,0.988552645627736,0.9827962696186217,0.9759289640424118,0.9939934098097796,0.07620795530476211
pre,2_4,conflictWith,3,229,0.37117903930131,0.8602620087336245,0.8533333333333334,0.7529411764705882,0.7999999999999999,0.9294117647058824,0.900360356753477,0.5210518153748978
pre,2_4,distinct,2,484,1.0,0.9834710743801653,1.0,0.9834710743801653,0.9916666666666667,,,0.007211171021331
pre,2_4,inverse,9,107,0.9906542056074766,0.9906542056074766,1.0,0.9905660377358491,0.9952606635071091,1.0,0.9999999999999999,0.012640029100579394
pre,2_4,itemRequiresStatement,4,1068,1.0,0.9990636704119851,1.0,0.9990636704119851,0.9995316159250586,,,0.002139253283707874
pre,2_4,oneOf,12,9,0.6666666666666666,0.4444444444444444,0.5714285714285714,0.6666666666666666,0.6153846153846153,0.33333333333333337,0.6763888888888888,0.34774316019482077
pre,2_4,single,0,652,1.0,1.0,1.0,1.0,1.0,,,0.000283299596763098
pre,2_4,symmetric,14,352,0.9346590909090909,0.9772727272727273,0.9762611275964391,1.0,0.9879879879879879,0.9957711114047838,0.9997060877373483,0.05634842347353694
pre,2_4,type,5,1117,1.0,0.999104744852283,1.0,0.999104744852283,0.9995521719659651,,,0.011129138319216999
pre,2_4,valueRequiresStatement,15,13,0.8461538461538461,0.8461538461538461,0.8461538461538461,1.0,0.9166666666666666,0.9090909090909091,0.986013986013986,0.1584959763746995
pre,2_4,valueType,16,268,1.0,0.996268656716418,1.0,0.996268656716418,0.9981308411214954,,,0.013817617864306261
pre,5_16,conflictWith,3,22006,0.6038353176406435,0.9167045351267836,0.9448543689320388,0.9154876580373269,0.9299392271528495,0.9756471987551895,0.9845553176471454,0.33712885036228474
pre,5_16,distinct,2,12210,0.966093366093366,0.9959868959868959,0.9999148863733084,0.9959308240081384,0.9979188787428329,0.9998873768722059,0.9999960505717136,0.03716479113219784
pre,5_16,inverse,9,2900,0.92,0.9941379310344828,0.9996230682246513,0.9940029985007496,0.9968051118210862,0.9991001266608075,0.9999233723933524,0.07886075367886118
pre,5_16,itemRequiresStatement,4,18518,0.9933578140187925,0.9958418835727401,0.9966919739696313,0.9991301984234846,0.9979095968508213,0.9789307363038295,0.9998458733449064,0.004383956052492448
pre,5_16,oneOf,12,273,0.9010989010989011,0.8901098901098901,0.9060150375939849,0.9796747967479674,0.9414062499999999,0.8169226136705813,0.9761495827423518,0.16678389994216053
pre,5_16,single,0,17983,0.996830339765334,0.996830339765334,0.996830339765334,1.0,0.9984126542092512,0.955612841095263,0.9998408938590004,0.002038339330775844
pre,5_16,symmetric,14,642,0.9314641744548287,0.9828660436137072,0.9819376026272578,1.0,0.9908864954432478,0.9915627850410459,0.9993435975030929,0.06300128223461526
pre,5_16,type,5,14358,0.9768770023680178,0.9864883688536008,0.9874541866365943,0.9988592613717382,0.9931239810023392,0.9693034579498658,0.9991990510545603,0.01128978024931948
pre,5_16,valueRequiresStatement,15,868,0.9089861751152074,0.9205069124423964,0.9195804195804196,1.0,0.9581056466302368,0.9783735220034974,0.9976971717647214,0.0384508564312887
pre,5_16,valueType,16,7378,0.9216589861751152,0.9779072919490377,0.9829719109299956,0.9932352941176471,0.9880769512105917,0.9769724455526155,0.9966982953736869,0.059041523134378306
pre,65_plus,conflictWith,3,1100824,0.6941736372026772,0.9431425913679208,0.954816141148831,0.9636975357351769,0.9592362810775324,0.9871829141918641,0.9942744315358704,0.2534199186658763
pre,65_plus,distinct,2,262434,0.9901117995381696,0.9996037098851521,0.9999692012735273,0.999630540450048,0.9997998421832598,0.9999494069400808,0.9999994920173272,0.012722876881980934
pre,65_plus,inverse,9,5361,0.3928371572467823,0.8878940496176086,0.9465875370919882,0.7573599240265907,0.8414666314956476,0.9738037616173816,0.9459141973870012,0.573478053763011
pre,65_plus,itemRequiresStatement,4,466424,0.997191396669125,0.9970541824605937,0.9972187316386967,0.999834449188801,0.9985248773951955,0.8266067701632502,0.999089371175199,0.002493206748296619
pre,65_plus,oneOf,12,1119,0.550491510277033,0.6881143878462913,0.6494960806270996,0.9415584415584416,0.7687210072895957,0.7021926880276781,0.671056940150776,0.19345889680613568
pre,65_plus,single,0,762609,0.9987057587833346,0.9985352913485154,0.9987068462392964,0.9998279986660049,0.9992671079765816,0.850750348419866,0.999705756405124,0.000532905413322191
pre,65_plus,symmetric,14,1106,0.9276672694394213,0.9620253164556962,0.9641509433962264,0.9961013645224172,0.9798657718120806,0.893463693957115,0.9868918296086262,0.033957277113069964
pre,65_plus,type,5,530234,0.9284542296420071,0.974245333192515,0.9816184017226459,0.9908145066605999,0.9861950166193559,0.9799568607925905,0.997955950849731,0.04901924551767563
pre,65_plus,valueRequiresStatement,15,10066,0.9591694814226107,0.9697993244585734,0.9750076196281622,0.9939927498705334,0.9844086572981845,0.973378391489351,0.9988158880657985,0.03715005164572582
pre,65_plus,valueType,16,312613,0.8570820791201902,0.9697197493386391,0.9811500586384706,0.9835669098848602,0.9823569977447674,0.9882601077353398,0.9973687617101267,0.11467717887247485
